"","ctuid","bg_mean","bg_median","bg_scale"
"1","5350001.00",3,3,9.26822307231939
"2","5350002.00",2,2,-6.40093294705821
"3","5350003.00",4,4,4.93379515345702
"4","5350004.00",1,1,2.86827778910349
"5","5350005.00",1,1,3.77661293970992
"6","5350006.00",2,2,1.5013049463437
"7","5350007.01",1,1,2.17437766962308
"8","5350007.02",1,1,1.74253554032694
"9","5350008.01",1,1,8.80122165978551
"10","5350008.02",1,1,7.98884465907281
"11","5350009.00",3,3,-2.54840266959504
"12","5350010.01",2,2,6.7130206453612
"13","5350010.02",2,2,5.86620239374138
"14","5350011.00",2,2,6.46356265589255
"15","5350012.01",2,2,0.750763823390905
"16","5350012.03",1,1,2.90945404589545
"17","5350012.04",2,2,1.48329237454101
"18","5350013.01",2,2,1.61780417144212
"19","5350013.02",2,2,2.14240480122588
"20","5350014.00",2,2,1.64820971048925
"21","5350015.00",2,2,1.19659846515195
"22","5350016.00",2,2,6.15649949931125
"23","5350017.00",1,1,1.22008970656528
"24","5350018.00",0,0,1.43387533836819
"25","5350019.00",3,3,4.83943302030102
"26","5350020.00",3,3,-1.99715311936177
"27","5350021.00",3,3,-1.78907753704132
"28","5350022.00",1,1,-1.13061607244788
"29","5350023.00",1,1,-1.36613786937343
"30","5350024.00",2,2,0.438978982857514
"31","5350025.00",3,3,1.05917318880497
"32","5350026.00",2,2,3.74641327504996
"33","5350027.00",3,3,1.82072534617336
"34","5350028.01",2,2,6.15071724897922
"35","5350028.02",2,2,5.52794960581849
"36","5350029.00",2,2,5.45815739737429
"37","5350030.00",2,2,9.29036192206195
"38","5350031.00",2,2,8.36813005054175
"39","5350032.00",2,2,3.33968731272975
"40","5350033.00",1,1,2.69314731808488
"41","5350034.01",1,1,2.34844195890019
"42","5350034.02",1,1,2.18757506700453
"43","5350035.00",3,3,1.36864939230304
"44","5350036.00",2,2,5.14046907986456
"45","5350037.00",3,3,4.54245315807516
"46","5350038.00",2,2,3.02544566592373
"47","5350039.00",2,2,1.79168898673437
"48","5350040.00",2,2,3.60549316891677
"49","5350041.00",2,2,5.84691698912965
"50","5350042.00",1,1,0.183710043996221
"51","5350043.00",2,2,6.58518466486094
"52","5350044.00",1,1,2.77456229461977
"53","5350045.00",2,2,0.839094079407593
"54","5350046.00",2,2,4.39611668252357
"55","5350047.02",2,2,2.98569170519749
"56","5350047.03",1,1,7.32525582677211
"57","5350047.04",1,1,7.09617961219915
"58","5350048.00",2,2,5.06071924191301
"59","5350049.00",2,2,4.40323531550722
"60","5350050.01",1,1,4.43635540847459
"61","5350050.03",0,0,1.98577671183003
"62","5350050.04",0,0,1.12086500225097
"63","5350051.00",2,2,-0.330039106060537
"64","5350052.00",1,0,2.61268073182891
"65","5350053.00",1,1,3.62400129723482
"66","5350054.00",1,1,4.08611583126365
"67","5350055.00",2,2,4.51722491513244
"68","5350056.00",2,2,-1.00102213130158
"69","5350057.00",2,2,0.678090339746299
"70","5350058.00",2,2,0.635438383177269
"71","5350059.00",1,1,1.63204097937953
"72","5350060.00",1,1,3.66203834303995
"73","5350061.00",3,3,-2.72365471680806
"74","5350062.01",3,3,-2.6360022544772
"75","5350062.02",3,3,0.785098462279235
"76","5350063.03",1,1,1.42709716308667
"77","5350063.04",1,1,1.74693709767405
"78","5350063.05",2,1,1.23403345474683
"79","5350063.06",2,2,1.90561656577177
"80","5350064.00",1,1,3.96854044785529
"81","5350065.01",1,1,3.83196741023772
"82","5350065.02",1,1,2.37134625202922
"83","5350066.00",2,2,1.74191441327182
"84","5350067.00",2,2,5.92341914461239
"85","5350068.00",3,3,2.0344664667724
"86","5350069.00",2,2,5.05005453797767
"87","5350070.00",2,2,5.58296999270391
"88","5350071.00",1,1,5.13138114447121
"89","5350072.01",0,0,1.33345088528326
"90","5350072.02",3,3,5.99258156545493
"91","5350073.00",3,3,0.723183979114633
"92","5350074.00",2,2,1.42136505632146
"93","5350075.00",2,2,7.78893416235441
"94","5350076.00",1,1,4.85271843346439
"95","5350077.00",3,3,1.48499966804892
"96","5350078.00",2,2,-4.24506832728625
"97","5350079.00",2,2,0.517882372720116
"98","5350080.01",0,0,2.89405895649964
"99","5350080.02",1,1,-0.251963956880866
"100","5350081.00",1,1,4.66143618437049
"101","5350082.00",2,2,6.68890056266208
"102","5350083.00",3,3,5.54672421226126
"103","5350084.00",2,2,7.02118138112215
"104","5350085.00",2,2,2.41596711359817
"105","5350086.00",5,5,-2.67457532126257
"106","5350087.00",3,3,4.79295959695566
"107","5350088.00",3,3,6.06550103415646
"108","5350089.00",3,3,3.55118985789823
"109","5350090.00",3,3,6.02986375214302
"110","5350091.01",2,2,0.334089896235357
"111","5350091.02",1,1,0.638949376826708
"112","5350092.00",1,1,3.92946111060058
"113","5350093.00",1,1,2.83781728351354
"114","5350094.00",1,1,2.31025302907275
"115","5350095.00",1,1,1.36817606555942
"116","5350096.01",2,2,7.35845944713702
"117","5350096.02",2,2,7.2674140987522
"118","5350097.01",1,1,2.03335920230866
"119","5350097.03",2,2,-0.748660672524373
"120","5350097.04",1,1,2.08076186907209
"121","5350098.00",1,1,0.794013056729475
"122","5350099.00",1,1,3.06579209441412
"123","5350100.00",1,1,6.35806690948611
"124","5350101.00",2,2,5.66843224178201
"125","5350102.02",2,1,2.76932248696926
"126","5350102.03",2,2,3.48560357720017
"127","5350102.04",1,1,5.69074522124545
"128","5350102.05",1,1,5.56179825998384
"129","5350103.00",0,0,1.10836621664538
"130","5350104.00",1,1,5.11144701197759
"131","5350105.00",1,1,2.65013838538966
"132","5350106.00",1,1,5.71456450728923
"133","5350107.00",2,2,2.70924914364119
"134","5350108.00",2,1,1.12933583369429
"135","5350109.00",1,1,3.73338630342521
"136","5350110.00",2,2,3.82387674428771
"137","5350111.00",2,2,5.81547351941072
"138","5350112.00",2,2,5.28707064417882
"139","5350113.00",2,2,3.491515618617
"140","5350114.00",2,2,0.882375366016381
"141","5350115.00",3,3,-0.369972974059147
"142","5350116.00",2,2,1.57479588380776
"143","5350117.00",1,1,3.57710981364317
"144","5350118.00",3,2,2.4034165989883
"145","5350119.00",3,3,-4.08610017366995
"146","5350120.00",1,1,-0.601323516047391
"147","5350121.00",2,2,-1.37661075452768
"148","5350122.00",2,2,0.489698547901804
"149","5350123.00",1,1,0.819203579822891
"150","5350124.00",1,1,1.66895603214074
"151","5350125.00",2,2,-0.20166731119638
"152","5350126.00",4,3,1.95324048634442
"153","5350127.00",2,3,-0.435188766440202
"154","5350128.02",2,1,1.40788209583894
"155","5350128.04",1,1,2.74572333361953
"156","5350128.05",1,1,2.6728154293174
"157","5350128.06",2,2,1.05854253282466
"158","5350129.00",2,2,1.41228318011729
"159","5350130.00",3,3,1.4903783244875
"160","5350131.00",3,3,-1.26232984288869
"161","5350132.00",2,2,6.12801866099883
"162","5350133.00",3,3,6.70909781843117
"163","5350134.00",3,3,-1.9600557779855
"164","5350135.00",4,4,3.69292401058744
"165","5350136.01",1,1,-0.00721789849985699
"166","5350136.02",1,1,-0.469177528132334
"167","5350137.00",2,2,2.43444795951666
"168","5350138.00",1,1,-1.00917739224346
"169","5350139.01",3,3,-2.40532381764293
"170","5350139.02",3,3,-1.66028694536067
"171","5350140.00",2,2,-0.801311025259922
"172","5350141.01",1,1,3.13292479662495
"173","5350141.02",1,1,3.58803698196379
"174","5350142.00",1,2,1.6688738266132
"175","5350150.00",0,0,1.63209796097092
"176","5350151.00",2,3,-1.22594000397192
"177","5350152.00",1,1,3.66401675886715
"178","5350153.00",3,3,3.25651941185185
"179","5350154.00",2,2,2.29882562615673
"180","5350155.00",2,2,1.64689776266857
"181","5350156.01",1,1,0.290068509220115
"182","5350156.02",1,1,0.949037837805672
"183","5350157.00",2,3,-3.08731906954324
"184","5350158.00",1,1,0.868667040239808
"185","5350159.01",2,2,1.0277540849341
"186","5350159.02",2,2,1.9509506485756
"187","5350160.00",2,2,-0.280992476673667
"188","5350161.00",1,1,0.772000233822193
"189","5350162.00",3,3,-0.757035725718264
"190","5350163.00",1,1,2.7201049086383
"191","5350164.00",2,2,2.97678486976382
"192","5350165.00",0,0,-0.403796488544592
"193","5350166.00",3,3,2.80988233637171
"194","5350167.01",0,0,-0.929452928092203
"195","5350167.02",0,0,-0.856796488289843
"196","5350168.00",1,1,-0.994111675028596
"197","5350169.01",1,1,0.798062051578922
"198","5350169.02",1,1,0.543656369848515
"199","5350170.00",0,1,1.81129753864054
"200","5350171.00",0,0,-1.00992899094849
"201","5350172.00",2,1,-2.88210951037368
"202","5350173.00",1,0,-0.315187551621486
"203","5350174.00",0,0,-2.0494066168436
"204","5350175.01",2,2,1.01852220176709
"205","5350175.02",3,3,0.505961052738108
"206","5350176.00",3,3,1.5548706172429
"207","5350180.00",2,2,-1.68557042052986
"208","5350181.01",2,2,-0.275007838519094
"209","5350181.02",2,2,-1.23298800573756
"210","5350182.00",1,1,-0.306915610234589
"211","5350183.01",2,2,1.32132486822328
"212","5350183.02",2,2,1.31376509886815
"213","5350184.01",1,1,1.81674666862735
"214","5350184.02",1,1,2.03817780668138
"215","5350185.01",2,2,2.43925953388394
"216","5350185.02",2,2,2.76008364934489
"217","5350186.00",3,3,2.10589725088467
"218","5350187.00",2,3,1.72750418179184
"219","5350188.00",1,1,-1.30423680271888
"220","5350189.00",2,2,-3.08546427571163
"221","5350190.01",2,2,-2.75982355998463
"222","5350190.02",2,2,-3.53330051493913
"223","5350191.00",1,1,-0.866655108431799
"224","5350192.00",4,4,2.56931132085368
"225","5350193.00",4,4,-3.50458605358031
"226","5350194.01",3,3,-1.87629697705385
"227","5350194.02",3,3,-0.248879068686369
"228","5350194.03",3,3,-0.0860105838206817
"229","5350194.04",4,4,1.43586158937876
"230","5350195.01",2,2,3.50986176123834
"231","5350195.02",3,3,1.54015150551846
"232","5350196.01",3,3,3.19499664882065
"233","5350196.02",4,4,0.525642652905728
"234","5350200.01",2,2,2.08449506648386
"235","5350200.02",2,2,2.15697350308309
"236","5350201.00",2,2,2.50241066747392
"237","5350202.00",2,2,2.10467514353692
"238","5350203.00",2,2,1.82136252479176
"239","5350204.00",0,0,0.99902359077584
"240","5350205.00",1,1,-0.0642138774379656
"241","5350206.01",2,2,-0.541788946054399
"242","5350206.02",3,3,3.05927844558747
"243","5350207.00",1,1,0.991808029247222
"244","5350208.00",1,1,1.01673057028618
"245","5350209.00",2,2,3.78692636239622
"246","5350210.01",2,2,2.89837148860483
"247","5350210.02",1,1,1.70753891073799
"248","5350211.00",2,2,-0.107131081079772
"249","5350212.00",1,1,-0.0235660219283934
"250","5350213.01",3,3,4.29968686652824
"251","5350213.02",2,2,1.42206546133976
"252","5350214.00",2,2,4.06421026154693
"253","5350215.00",2,2,2.80771388112554
"254","5350216.00",1,1,2.94792708895395
"255","5350217.00",1,1,1.96586759021674
"256","5350218.00",1,1,6.11582457312233
"257","5350219.00",3,3,-0.258936433583176
"258","5350220.00",2,2,-0.200038372259212
"259","5350221.01",2,2,0.354325953759854
"260","5350221.02",2,1,0.623639234426846
"261","5350222.01",2,1,1.28316055982443
"262","5350222.02",1,1,1.7552294306075
"263","5350223.01",1,1,-0.698782943482307
"264","5350223.02",2,2,-0.921814600524293
"265","5350224.00",2,2,2.19468721528899
"266","5350225.01",1,0,2.87527753883133
"267","5350225.02",2,1,0.807662927953566
"268","5350226.00",3,3,1.80586738674573
"269","5350227.00",2,2,2.32030630711355
"270","5350228.00",3,3,-0.00664607863713329
"271","5350229.00",1,1,4.20287102893888
"272","5350230.01",2,2,0.157053803411407
"273","5350230.02",2,2,-0.530074488860472
"274","5350231.00",2,2,2.44997248795102
"275","5350232.00",3,3,1.03430810105726
"276","5350233.00",2,2,-1.89044881606611
"277","5350234.00",3,3,-1.34620766200053
"278","5350235.01",2,2,1.26899037065811
"279","5350235.02",2,2,1.0150873019261
"280","5350236.01",1,1,-1.38791220032129
"281","5350236.02",3,3,-0.0955320290958399
"282","5350237.01",2,2,-0.197774775888633
"283","5350237.02",2,2,-0.931303072279446
"284","5350237.03",2,2,-4.76395815552912
"285","5350238.01",1,1,-0.329730574040977
"286","5350238.02",1,1,0.0823559246376487
"287","5350239.00",1,1,0.767558003152224
"288","5350240.01",3,3,1.10882461666721
"289","5350240.02",4,4,0.428700716195981
"290","5350241.00",3,3,1.36838949003873
"291","5350242.00",3,3,0.850595889983666
"292","5350243.01",4,4,1.51175754897948
"293","5350243.02",5,5,-0.283114401723433
"294","5350244.01",2,2,-2.35088361792267
"295","5350244.02",1,1,-0.991442378879926
"296","5350245.00",4,4,-1.30423204687506
"297","5350246.00",4,4,-1.18735322847934
"298","5350247.01",3,3,-0.118579529923777
"299","5350247.02",4,4,-2.15968408857617
"300","5350248.02",2,1,-1.50919357526993
"301","5350248.03",4,3,2.57764388668466
"302","5350248.04",3,3,0.643483098920053
"303","5350248.05",3,3,1.0226838536932
"304","5350249.01",2,2,-0.0308068896952942
"305","5350249.03",2,2,-1.68231354611298
"306","5350249.04",2,2,1.29367463322141
"307","5350249.05",2,2,-0.388968459092524
"308","5350250.01",3,3,-1.32971015049802
"309","5350250.02",3,3,-0.825357231263127
"310","5350250.04",2,2,2.96786618028206
"311","5350250.05",2,2,2.7928292525171
"312","5350260.01",1,1,-0.704055103474798
"313","5350260.04",1,1,-1.15122685707205
"314","5350260.05",2,2,-4.54770245363498
"315","5350260.06",1,1,-1.19876833758922
"316","5350260.07",1,1,0.211193137496526
"317","5350261.00",2,2,1.55290982829669
"318","5350262.01",4,4,2.59728392537317
"319","5350262.02",2,2,-3.35892359954411
"320","5350263.02",3,3,-0.0209761725454063
"321","5350263.03",3,3,-1.2744072327987
"322","5350263.04",3,3,-1.19848272858847
"323","5350264.00",3,3,1.30683035387291
"324","5350265.00",4,4,-1.2893635915877
"325","5350266.00",2,2,0.91569503783272
"326","5350267.00",3,3,-1.36407905498366
"327","5350268.00",3,3,-0.429684444148729
"328","5350269.01",3,3,-5.26462586198365
"329","5350269.02",2,2,-0.555010747702362
"330","5350270.01",3,3,-0.566745580479421
"331","5350270.02",2,2,-2.87835909250094
"332","5350271.01",1,1,-1.78490150031543
"333","5350271.02",2,2,-3.30545616342601
"334","5350272.01",3,3,-3.19137169673049
"335","5350272.02",2,2,-2.40701060707092
"336","5350273.01",3,3,-3.02856726381584
"337","5350273.02",2,2,-0.842558626413139
"338","5350274.01",2,2,-1.17753860805651
"339","5350274.02",4,4,4.20861092615926
"340","5350275.00",3,2,-0.8913019799466
"341","5350276.01",3,3,2.12992000054943
"342","5350276.02",1,1,2.12770565162673
"343","5350277.00",4,4,1.99706481186216
"344","5350278.00",3,2,2.18554431046929
"345","5350279.01",3,3,3.24830351097419
"346","5350279.02",3,3,5.32412278231717
"347","5350280.00",2,2,0.273807202598726
"348","5350281.01",1,1,1.27803421616102
"349","5350281.02",1,1,0.000275903709656883
"350","5350282.00",3,3,1.52174718037736
"351","5350283.01",1,1,1.17284954602714
"352","5350283.02",1,1,1.40841131827758
"353","5350284.00",0,0,1.22853081813237
"354","5350285.00",1,0,-0.882884200607371
"355","5350286.00",1,1,5.07407639514332
"356","5350287.02",3,3,-1.56598012774327
"357","5350287.03",1,0,-0.391741149823339
"358","5350287.04",0,0,2.00445344493191
"359","5350288.00",1,1,6.15243434655431
"360","5350289.00",2,2,5.49245910791759
"361","5350290.01",1,1,-0.303608179038528
"362","5350290.02",0,0,0.516841192696327
"363","5350291.02",4,4,3.58306091861306
"364","5350291.03",4,4,1.20844194507857
"365","5350291.04",4,4,1.15086723232295
"366","5350292.00",3,2,1.8296421375248
"367","5350293.00",0,0,-0.428212877041192
"368","5350294.01",1,1,-3.09441849362184
"369","5350294.02",2,1,-3.26986583435079
"370","5350295.00",2,2,0.91695411519203
"371","5350296.00",4,4,0.0127335882728332
"372","5350297.01",2,2,1.83583176373815
"373","5350297.02",1,1,2.95415623793938
"374","5350298.00",3,3,1.87501265182873
"375","5350299.01",1,1,2.11491018865758
"376","5350299.02",1,1,0.501311290825057
"377","5350300.00",2,2,-4.53281790025634
"378","5350301.01",4,4,-1.89967170130176
"379","5350301.03",1,1,-2.07337040660867
"380","5350301.04",0,0,-0.690790871040783
"381","5350302.01",1,2,1.78421825303886
"382","5350302.02",2,2,-1.95259383570685
"383","5350302.03",4,4,-3.09268919753494
"384","5350303.00",2,1,-0.101888068158897
"385","5350304.01",2,2,-2.80638944597735
"386","5350304.02",2,2,-2.76297538737103
"387","5350304.03",3,3,2.53490701514205
"388","5350304.04",2,1,-1.99375697769457
"389","5350304.05",3,3,-4.55778047579102
"390","5350304.06",2,2,-3.10016499143877
"391","5350305.01",2,2,-2.8423600391995
"392","5350305.03",1,1,-2.0319161858283
"393","5350305.04",1,1,-1.86541247570821
"394","5350306.01",4,4,-2.56113183980758
"395","5350306.02",0,0,-0.79875368256432
"396","5350307.03",2,2,-2.87259957131228
"397","5350307.04",2,2,-0.13405578640615
"398","5350307.05",2,2,-3.09237875322595
"399","5350307.06",2,2,-2.36331997342501
"400","5350307.07",2,2,-0.747582829752156
"401","5350308.02",3,2,-2.31835300898768
"402","5350308.03",2,2,4.12035345720074
"403","5350308.04",3,3,2.0305991365848
"404","5350309.00",1,1,0.941949176035878
"405","5350310.01",3,2,1.2394635128045
"406","5350310.02",2,2,1.71543449393966
"407","5350311.02",2,2,-2.5952998626203
"408","5350311.03",1,1,-2.21119140075269
"409","5350311.04",1,1,-1.29313546963281
"410","5350311.05",3,3,-0.0586810910452085
"411","5350311.06",2,2,-0.757426896732259
"412","5350312.02",2,2,3.90536853609283
"413","5350312.03",4,4,0.393643199891621
"414","5350312.04",0,0,0.828904664796255
"415","5350312.05",3,3,2.11346897682548
"416","5350312.06",3,3,1.69915337937087
"417","5350312.07",3,3,2.69633025812993
"418","5350313.00",4,4,1.48118995506116
"419","5350314.01",3,2,-1.44495205045079
"420","5350314.02",3,3,-1.67960473607767
"421","5350315.01",2,2,-0.873335197698712
"422","5350315.02",1,1,-0.759075438279495
"423","5350315.03",2,2,-1.10464579584796
"424","5350316.01",3,2,-0.866031194884175
"425","5350316.03",2,1,-0.351171175861003
"426","5350316.04",2,2,2.20175938981355
"427","5350316.05",2,2,2.9635664149092
"428","5350316.06",2,2,3.05757098548139
"429","5350317.02",3,3,-1.30694740533174
"430","5350317.03",4,4,-1.28477988867313
"431","5350317.04",3,3,-1.92338156741667
"432","5350317.05",2,2,0.0352853020640163
"433","5350318.00",1,1,-0.977720391066037
"434","5350319.00",2,2,0.595366110228295
"435","5350320.01",1,1,-1.42797203402075
"436","5350320.02",2,2,1.28382500938436
"437","5350321.01",1,1,-0.410766835752488
"438","5350321.02",1,1,-0.846418682484659
"439","5350322.01",3,3,-0.0762025407688041
"440","5350322.02",2,2,1.48209374394855
"441","5350323.01",2,2,-1.26190919468358
"442","5350323.02",5,5,-1.44003374980277
"443","5350324.01",4,4,-1.67189266594449
"444","5350324.02",2,2,-3.13236905999282
"445","5350324.03",2,2,-0.991716257053961
"446","5350324.05",1,1,0.745775860347783
"447","5350324.06",1,1,1.22202236832726
"448","5350330.00",4,4,-1.85989785499863
"449","5350331.01",1,1,-2.15198877916951
"450","5350331.03",1,1,-4.45944082214569
"451","5350331.04",0,0,0.729429734636328
"452","5350332.00",3,3,-1.3055724218772
"453","5350333.00",4,4,-1.17146504719915
"454","5350334.00",4,4,0.394926266680324
"455","5350335.00",3,3,-2.03867588009584
"456","5350336.00",1,1,-0.156849599456775
"457","5350337.01",2,2,-3.74378056375863
"458","5350337.02",2,3,-2.49999108515927
"459","5350338.00",2,2,-1.68837262262715
"460","5350339.00",3,3,2.28949571795882
"461","5350340.00",4,4,-1.18573900744586
"462","5350341.02",2,2,0.515328264563053
"463","5350341.03",2,2,-0.993529427585662
"464","5350341.04",1,1,1.82330138202741
"465","5350342.00",1,1,-0.180588991827938
"466","5350343.00",3,3,0.743392260502795
"467","5350344.01",2,2,0.920703288271273
"468","5350344.02",3,3,-1.17183315798812
"469","5350345.00",2,2,-0.79937755000841
"470","5350346.01",1,1,-0.595835497762605
"471","5350346.02",1,1,-0.156727972088489
"472","5350347.00",2,2,1.14558887147974
"473","5350348.00",1,1,-3.65768567658093
"474","5350349.00",4,4,-1.66454585415208
"475","5350350.00",1,1,-1.01789650943582
"476","5350351.01",2,2,-4.10832035354395
"477","5350351.02",2,2,-3.95092155716615
"478","5350352.00",2,2,-1.94617746627319
"479","5350353.02",2,2,-1.89974382134697
"480","5350353.03",1,1,0.139225676210194
"481","5350353.04",2,2,-2.01991008787506
"482","5350354.00",2,2,-0.68378596594522
"483","5350355.02",2,2,-1.66013943202425
"484","5350355.04",0,0,0.707798170581151
"485","5350355.05",1,1,-1.29805624458829
"486","5350355.06",1,1,-1.93906099412011
"487","5350356.00",4,3,0.345342525646962
"488","5350357.01",3,3,-0.711923034148032
"489","5350357.02",4,4,-1.52688474430101
"490","5350358.01",2,1,-1.06724901976124
"491","5350358.02",2,2,-1.87941966165113
"492","5350358.03",2,2,-1.41118801195377
"493","5350359.00",2,2,-2.00346523723729
"494","5350360.00",2,2,-2.72859677326962
"495","5350361.01",3,3,-1.54215077750996
"496","5350361.02",3,3,-1.52657426603143
"497","5350362.01",3,3,-1.78000569843722
"498","5350362.02",2,2,0.976641911461859
"499","5350362.03",3,3,-2.19734611197535
"500","5350362.04",4,4,-2.3353883734887
"501","5350363.02",3,3,-4.5155971120473
"502","5350363.04",2,2,-1.11179585574495
"503","5350363.05",3,3,-5.68489769779648
"504","5350363.06",3,3,3.96656245458039
"505","5350363.07",3,3,-0.692118251168613
"506","5350364.01",3,3,-2.36061699895576
"507","5350364.02",4,4,-3.13215694772688
"508","5350365.00",3,3,-3.04634383017392
"509","5350366.00",1,1,-0.887301135396744
"510","5350367.01",2,2,-2.72217975948931
"511","5350367.02",3,3,-3.62058796147679
"512","5350368.01",3,3,-10.2055298743096
"513","5350368.02",3,3,-5.90668221935096
"514","5350369.00",5,5,0.312370494974072
"515","5350370.01",3,3,3.93028393697849
"516","5350370.02",3,2,-2.31955527270455
"517","5350370.03",2,1,-1.03283298989
"518","5350371.00",3,3,-2.28496684170292
"519","5350372.00",2,2,-1.85474391031496
"520","5350373.00",3,4,-2.34628599721145
"521","5350374.01",3,3,-3.37482336533236
"522","5350374.02",3,3,-2.77058302184263
"523","5350374.03",4,4,-3.80220812551446
"524","5350375.01",4,4,-1.27490726736671
"525","5350375.02",2,2,-0.119006164528629
"526","5350375.03",4,4,-2.6783631010244
"527","5350375.04",3,3,-1.16612032342527
"528","5350375.05",3,3,-1.53476680415468
"529","5350376.01",3,2,-3.32189299433706
"530","5350376.02",5,4,-0.185627742911278
"531","5350376.04",3,2,-1.59157067118585
"532","5350376.05",4,4,-1.93914828997858
"533","5350376.06",3,3,-12.8075394381408
"534","5350376.08",4,4,0.348524900858521
"535","5350376.09",3,2,-1.52557796024506
"536","5350376.11",1,1,-1.98733476952402
"537","5350376.12",0,0,0.0711048020305516
"538","5350376.13",4,4,-1.19666863111819
"539","5350376.14",3,3,-0.383407877056939
"540","5350376.15",2,2,0.580370176386658
"541","5350376.16",3,3,-1.30191796757524
"542","5350377.01",4,4,-2.68780803577569
"543","5350377.02",3,3,-1.27101622484875
"544","5350377.03",4,4,-2.92674870692874
"545","5350377.04",3,3,-0.411164962660896
"546","5350377.06",5,5,-0.376479349648475
"547","5350377.07",5,4,0.194219743764197
"548","5350378.02",3,3,-1.8105106391204
"549","5350378.03",3,3,4.02554308181289
"550","5350378.04",5,5,-0.789201544254086
"551","5350378.05",4,4,-1.88205121444633
"552","5350378.06",3,3,2.4982850230129
"553","5350378.07",2,2,-2.29756694809139
"554","5350378.08",2,2,-5.16003407050458
"555","5350378.11",5,5,-1.00298319253982
"556","5350378.12",4,4,-1.83810379396637
"557","5350378.14",3,3,-0.0409738636683485
"558","5350378.16",3,3,-0.989136832040493
"559","5350378.17",4,4,-2.1051229482465
"560","5350378.18",4,4,-2.75181794721576
"561","5350378.19",2,2,-1.17273166600946
"562","5350378.20",5,5,0.145965645266381
"563","5350378.21",4,4,0.941600242786463
"564","5350378.22",4,4,1.35882146234308
"565","5350378.23",3,3,-3.48692848013045
"566","5350378.24",3,3,-4.85352044415528
"567","5350378.25",4,3,4.74662564109945
"568","5350378.26",4,4,1.90267841222028
"569","5350378.27",3,3,-2.7644247280465
"570","5350378.28",4,4,0.197045851416978
"571","5350400.02",4,2,-3.43722668975876
"572","5350400.03",3,2,-1.52410661649073
"573","5350400.04",2,2,-1.06600831120213
"574","5350400.06",3,3,-2.17935883638116
"575","5350400.07",2,2,-1.59970846994057
"576","5350400.08",5,5,-0.993276301446007
"577","5350400.11",3,3,0.223040680263756
"578","5350400.12",4,3,-1.81408444551136
"579","5350400.13",4,4,0.168024410410124
"580","5350400.14",4,4,0.369937289397833
"581","5350400.15",2,2,-0.968947148945709
"582","5350400.16",3,3,-1.96902889318083
"583","5350400.17",3,3,-0.0823431471290311
"584","5350400.18",3,3,-0.259863414390391
"585","5350400.19",4,4,-1.1247884979616
"586","5350400.20",3,3,-3.33732934308973
"587","5350400.21",2,2,-3.9748848591154
"588","5350400.22",3,3,-6.77446110505535
"589","5350400.23",4,4,-2.90032705737576
"590","5350401.04",4,3,-0.761273177362655
"591","5350401.05",3,3,-1.1204537982956
"592","5350401.06",3,2,-1.39986130640712
"593","5350401.07",2,2,-1.37805243588096
"594","5350401.08",3,3,-2.76400986208268
"595","5350401.09",2,2,-1.5764370826134
"596","5350401.10",4,4,-1.67631807368203
"597","5350401.11",3,3,2.58150215753584
"598","5350401.13",3,3,-1.5644739556504
"599","5350401.14",3,3,-1.60984684776486
"600","5350401.15",3,3,-1.01983601833597
"601","5350401.17",3,3,-1.62709986906916
"602","5350401.18",4,3,1.1308454479389
"603","5350401.19",3,3,-3.0802116107696
"604","5350401.20",4,4,1.3386801622085
"605","5350401.21",3,3,2.74338101310237
"606","5350401.22",3,3,1.12853495072868
"607","5350401.23",5,5,-2.3118509245544
"608","5350402.01",3,3,-0.133753450187983
"609","5350402.02",3,3,-1.27205482684565
"610","5350402.03",3,3,-1.42319126030702
"611","5350402.04",4,4,1.35137183595653
"612","5350402.05",4,4,-1.20657076125509
"613","5350402.06",4,4,-1.7983374963589
"614","5350402.07",3,3,0.907733817312508
"615","5350402.08",3,4,-1.25291716056505
"616","5350402.09",4,4,-1.40395164752265
"617","5350402.10",3,3,-2.73876465891648
"618","5350402.12",3,3,-4.68137691225818
"619","5350402.13",1,1,4.33370125767818
"620","5350403.01",2,1,-2.00331454412829
"621","5350403.04",4,3,1.46928810128516
"622","5350403.05",3,3,-2.2126869678543
"623","5350403.07",5,4,0.0333389208316264
"624","5350403.09",4,4,1.95860524707731
"625","5350403.10",4,4,3.04167307450147
"626","5350403.11",3,3,-1.36346450839515
"627","5350403.12",3,3,-2.23959630588412
"628","5350403.13",2,1,-3.76524207635488
"629","5350403.14",3,2,-4.75949473744339
"630","5350403.15",2,2,-0.888937857545529
"631","5350403.16",3,3,-1.03822616939281
"632","5350410.02",2,1,2.64892431848612
"633","5350410.03",4,4,2.24761163815983
"634","5350410.04",2,2,1.75342981590604
"635","5350410.05",1,1,2.60992450946542
"636","5350410.07",2,2,2.59838282313813
"637","5350410.09",2,2,-3.85205893792114
"638","5350410.10",4,4,2.39633873260641
"639","5350410.11",4,3,2.42817868739458
"640","5350410.12",3,3,-0.562647541905595
"641","5350410.13",1,1,3.10298055085788
"642","5350410.14",3,3,3.482144720746
"643","5350410.15",3,3,1.53644653789768
"644","5350411.01",1,1,1.85788066199784
"645","5350411.04",2,2,-1.09631696722091
"646","5350411.07",2,1,0.0133835322297352
"647","5350411.08",3,3,-0.690838052546976
"648","5350411.09",3,2,0.267261632656051
"649","5350411.12",2,2,-1.04695431292739
"650","5350411.15",4,3,-1.77190833137983
"651","5350411.16",1,1,-0.188846478468763
"652","5350411.17",4,3,-8.78295069865854
"653","5350411.18",2,1,-1.36002221688775
"654","5350411.19",3,2,-1.8390127719596
"655","5350411.21",4,4,-0.325302288149166
"656","5350411.22",2,2,-3.8313211856397
"657","5350411.23",2,2,-4.68532173258517
"658","5350411.24",3,3,-1.84094403038377
"659","5350411.25",3,2,-0.327050692292012
"660","5350411.26",3,3,-1.10475366967813
"661","5350411.27",3,3,-0.619588095994591
"662","5350411.28",1,1,4.18082110307541
"663","5350411.29",0,0,1.55415401619764
"664","5350411.30",2,2,3.48543214453567
"665","5350412.01",2,1,0.967320627589292
"666","5350412.02",3,3,0.150790712718469
"667","5350412.04",2,1,0.170185586267
"668","5350412.06",2,2,-0.243615694767275
"669","5350412.08",2,3,-0.894411026535051
"670","5350412.10",3,3,-1.18688935009778
"671","5350412.11",3,3,4.76850049634493
"672","5350412.12",4,3,-0.750861034281003
"673","5350412.13",3,3,0.771750699798535
"674","5350412.14",2,2,0.784950137018947
"675","5350412.15",2,2,1.43635797809384
"676","5350412.18",2,1,1.18822902622495
"677","5350412.19",5,4,-0.558571529050269
"678","5350412.20",4,4,-1.02191638645989
"679","5350412.21",4,4,0.842739162322162
"680","5350412.22",3,2,2.16014888852654
"681","5350412.24",4,4,0.912613842811406
"682","5350412.25",4,3,3.86126530430759
"683","5350412.26",3,3,0.773045932972509
"684","5350413.01",3,3,-1.38713264663284
"685","5350413.02",4,4,4.1103769036836
"686","5350420.03",3,3,-4.92623058601678
"687","5350420.05",3,3,1.34965401550906
"688","5350420.06",1,1,2.37883575032988
"689","5350420.08",2,2,-2.33517254569417
"690","5350420.09",2,2,-2.82871896014798
"691","5350420.10",3,3,-4.09346657784259
"692","5350420.11",2,2,0.86408333983338
"693","5350420.13",3,3,0.487797362881519
"694","5350420.14",2,2,0.362271181865104
"695","5350420.15",1,1,1.8847018026976
"696","5350421.01",3,3,0.66871556268517
"697","5350421.04",2,2,-2.66835439880002
"698","5350421.05",2,1,-0.954617159181621
"699","5350421.06",3,3,-3.16318259568962
"700","5350421.07",3,3,-1.66862916942547
"701","5350422.02",4,4,-3.71927309518652
"702","5350422.03",2,2,-0.741058366390979
"703","5350422.04",3,3,1.01595222841241
"704","5350422.05",3,3,0.696848729619643
"705","5350422.06",3,3,-4.5058618902117
"706","5350423.01",4,3,-2.16114558101304
"707","5350423.02",3,3,-5.2913831201689
"708","5350424.04",1,1,-1.2606906866647
"709","5350424.05",4,4,-3.43005122267966
"710","5350424.07",3,3,-3.86031018309813
"711","5350424.08",3,3,-1.74783695304743
"712","5350424.09",3,3,-2.24952555160916
"713","5350424.10",4,4,-4.67426279292094
"714","5350424.11",2,2,-1.61173986517825
"715","5350424.13",4,4,0.100918760575284
"716","5350424.14",4,3,-2.1338424368223
"717","5350424.15",3,3,-3.30920358484338
"718","5350424.16",4,4,-6.54953260088847
"719","5350430.03",4,4,-1.61697783339134
"720","5350430.05",4,3,-2.22601531023722
"721","5350430.06",4,4,-2.26677784425361
"722","5350430.07",2,3,-1.52561651517452
"723","5350430.08",3,3,-1.27379625675621
"724","5350431.01",4,4,2.39838678010845
"725","5350431.02",5,5,-0.935912199655057
"726","5350440.00",4,4,-2.17986801495958
"727","5350441.02",4,3,-3.50434107894027
"728","5350441.03",5,5,-0.59450483601679
"729","5350441.04",3,3,-2.09337560698827
"730","5350442.02",4,4,-2.87611880713861
"731","5350442.03",4,4,-1.22232984868174
"732","5350442.04",3,3,-2.31478964146411
"733","5350442.05",3,3,-0.639411758215864
"734","5350442.06",3,2,-2.75472967870335
"735","5350450.02",3,3,-2.38027863483102
"736","5350450.03",2,2,-2.38200610966133
"737","5350450.05",4,4,-1.78448008800368
"738","5350450.06",3,2,-3.09594150841338
"739","5350451.01",4,4,-2.3125638100102
"740","5350451.02",3,3,-0.649971420413723
"741","5350451.03",4,4,-2.48202446414671
"742","5350451.05",3,3,-3.43299991667679
"743","5350451.06",3,3,-4.66113556535014
"744","5350451.07",4,3,-3.61117266691229
"745","5350452.01",2,2,-1.16307082412351
"746","5350452.02",3,3,-3.66784106392919
"747","5350452.03",4,4,-3.42986978420532
"748","5350452.05",4,4,9.01167728305677
"749","5350452.06",4,4,-0.0856601919167415
"750","5350452.07",3,3,-1.52367756721767
"751","5350455.00",4,4,0.932476047669788
"752","5350456.01",4,4,-0.233726310123045
"753","5350456.02",4,4,-2.43985888049176
"754","5350456.03",2,2,2.12974948361936
"755","5350460.01",4,3,1.51661466832021
"756","5350460.02",3,2,-1.44343062414116
"757","5350461.01",4,4,-0.445475809116198
"758","5350461.02",2,2,-0.140856707089742
"759","5350470.00",2,2,-0.941786689516074
"760","5350471.00",3,3,1.30321268041997
"761","5350472.00",2,2,-0.896075941462528
"762","5350473.01",2,2,2.52486532357025
"763","5350473.02",4,3,-2.33642199170979
"764","5350473.03",5,5,-1.38481848604828
"765","5350474.00",3,3,0.266639606144404
"766","5350475.00",2,2,0.403151980223477
"767","5350476.01",3,3,1.76617918775318
"768","5350476.02",3,3,0.9982793152557
"769","5350500.01",2,2,0.742033548562368
"770","5350500.02",0,0,0.46655121208378
"771","5350501.01",5,4,4.11392461035053
"772","5350501.02",4,5,-0.970916590568555
"773","5350502.01",2,2,-1.96444807825949
"774","5350502.02",3,3,-2.32731739279532
"775","5350503.00",2,2,-2.25566835652498
"776","5350504.00",4,4,-1.50905711826979
"777","5350505.01",4,4,1.55991116611393
"778","5350505.02",4,4,-1.13041200480058
"779","5350506.00",3,3,0.253893752236122
"780","5350507.00",3,3,0.570532843571747
"781","5350508.00",3,3,0.720286140968786
"782","5350509.01",0,0,2.68807528809969
"783","5350509.02",1,1,2.40881435480158
"784","5350510.00",3,3,-0.815756045832789
"785","5350511.01",1,1,-0.928324025104246
"786","5350511.02",1,1,0.0860298174100447
"787","5350512.00",1,1,-0.903510220008325
"788","5350513.01",2,2,0.740863068966814
"789","5350513.02",1,1,-0.120058122117041
"790","5350513.03",2,2,-0.389627433200867
"791","5350513.04",0,0,0.643083530600737
"792","5350514.01",3,3,3.91350143571732
"793","5350514.02",4,4,-0.528629366973982
"794","5350515.01",3,2,-0.046958397731867
"795","5350515.02",3,2,-0.252469826972952
"796","5350516.01",4,4,0.191079847049464
"797","5350516.02",5,5,-0.802429698308512
"798","5350516.03",5,5,-0.64554773945756
"799","5350516.04",5,5,-0.829917019020802
"800","5350516.05",3,4,-1.90225926575363
"801","5350516.06",3,4,-2.18927617815092
"802","5350516.08",3,3,0.0620866628057275
"803","5350516.09",5,5,-1.8129235034959
"804","5350516.11",4,4,-1.63613422535597
"805","5350516.16",2,2,1.53166757358468
"806","5350516.17",5,5,-2.20778628854939
"807","5350516.18",5,4,-0.807905062709225
"808","5350516.20",3,3,-0.178490994796384
"809","5350516.21",4,4,-0.112994259766257
"810","5350516.22",5,5,-0.523385472606814
"811","5350516.23",5,4,-0.320952715814137
"812","5350516.24",3,3,1.61279394569884
"813","5350516.25",4,4,-0.385556506043825
"814","5350516.26",3,3,-0.0595697303966969
"815","5350516.28",5,5,-1.19562083753486
"816","5350516.29",5,5,-2.48434040670553
"817","5350516.30",4,3,-1.70766659241469
"818","5350516.31",3,2,2.10243782103027
"819","5350516.32",2,2,-0.0126501615589228
"820","5350516.37",4,4,-3.51921659986106
"821","5350516.38",2,2,2.96508217186322
"822","5350516.39",4,4,1.34241334946524
"823","5350516.40",4,4,-0.161325228867296
"824","5350516.41",3,2,-2.44521567855097
"825","5350516.42",4,3,-1.60202984603718
"826","5350516.43",2,2,-2.25252249134647
"827","5350516.44",2,2,-1.65040453703218
"828","5350516.46",3,2,0.727560878167619
"829","5350516.47",4,3,0.59981343323123
"830","5350516.48",4,3,-0.359790376764206
"831","5350516.49",2,2,-0.760972590537775
"832","5350517.00",3,3,-0.674170940754684
"833","5350518.00",3,3,0.929554731072876
"834","5350519.00",3,2,-2.13289171517653
"835","5350520.01",2,2,0.661218207496844
"836","5350520.02",2,2,0.51232997096247
"837","5350520.05",2,2,0.988389862492512
"838","5350520.07",3,3,-4.28729251421977
"839","5350520.08",1,1,0.587474682311362
"840","5350520.09",3,3,-0.116982731003591
"841","5350520.10",3,3,0.422048000014191
"842","5350521.01",1,1,-0.396843310470762
"843","5350521.02",2,1,0.12867145478173
"844","5350521.03",2,2,0.86887553678989
"845","5350521.04",2,2,0.539410602363319
"846","5350521.05",2,2,-1.54123607034977
"847","5350521.06",1,1,0.51086434844207
"848","5350522.00",2,1,0.788254397709171
"849","5350523.00",2,2,-0.0287059131670442
"850","5350524.01",1,1,1.11866223909844
"851","5350524.02",2,2,0.123022231683864
"852","5350525.01",4,4,-0.95079741294118
"853","5350525.02",4,4,-1.42767825450324
"854","5350526.01",1,1,1.5090034522844
"855","5350526.02",2,2,0.580384988769917
"856","5350527.01",2,2,-1.69603417414844
"857","5350527.02",2,2,-1.8534314008298
"858","5350527.03",3,3,-0.823179369082647
"859","5350527.04",4,4,1.62120374876407
"860","5350527.05",2,2,0.337365855434029
"861","5350527.06",2,2,-0.435846357431175
"862","5350527.07",3,2,1.28348401073352
"863","5350527.08",3,2,0.530628063345113
"864","5350527.09",4,2,0.0703488772454347
"865","5350528.01",2,2,0.354725129274086
"866","5350528.02",1,1,1.18880386705001
"867","5350528.10",3,3,-0.201408263358271
"868","5350528.11",3,3,-1.37795075662609
"869","5350528.12",3,3,-0.716398058219945
"870","5350528.13",2,2,0.193160823886774
"871","5350528.15",2,2,1.44434814363692
"872","5350528.16",3,2,1.01888571979207
"873","5350528.18",2,2,1.13732611116635
"874","5350528.19",3,3,1.04265944441544
"875","5350528.20",3,3,-0.25729621967533
"876","5350528.21",3,3,-2.94893336056999
"877","5350528.22",3,3,-2.13869763556056
"878","5350528.24",3,3,1.93605799999038
"879","5350528.25",3,3,0.167451879447335
"880","5350528.26",3,3,-1.24016405935846
"881","5350528.31",3,3,-0.539994356632747
"882","5350528.32",3,3,1.75201788654863
"883","5350528.33",3,3,1.83956029554925
"884","5350528.34",2,2,1.19982941261115
"885","5350528.35",1,1,0.780988136899919
"886","5350528.36",3,3,-0.0276890288675
"887","5350528.37",2,2,0.674054619366506
"888","5350528.39",2,2,5.19752677317484
"889","5350528.40",3,3,1.83575579578942
"890","5350528.41",2,2,2.71908551488208
"891","5350528.42",3,2,0.989484771322583
"892","5350528.43",2,2,1.17673462640166
"893","5350528.44",1,1,-0.207541060119547
"894","5350528.45",2,2,-1.8718416227041
"895","5350528.46",3,3,1.91000620095646
"896","5350528.47",3,3,1.63376605427616
"897","5350528.48",2,2,2.11599701617984
"898","5350528.49",2,2,3.98405629463402
"899","5350529.01",3,3,2.20664781501798
"900","5350529.02",4,4,1.78144765545368
"901","5350530.01",2,2,-0.958298144128687
"902","5350530.02",2,2,-0.674248604600311
"903","5350531.01",4,4,-1.81048078096355
"904","5350531.02",4,4,-2.02219422158751
"905","5350532.01",3,2,-2.64272462186732
"906","5350532.02",3,3,-2.8211043144334
"907","5350540.01",2,2,-0.0113852912763027
"908","5350540.02",2,2,1.17446206704471
"909","5350550.01",3,3,1.07200902560059
"910","5350550.02",2,2,-2.84646446677641
"911","5350560.00",2,2,-0.248735992399373
"912","5350561.00",2,2,0.239825051356711
"913","5350562.02",4,4,-0.0691730265390373
"914","5350562.03",5,4,-0.59025189867511
"915","5350562.04",5,4,0.437643498458358
"916","5350562.05",1,1,-0.892230987772672
"917","5350562.06",4,4,-1.03267325687582
"918","5350562.07",4,4,-1.43377982651504
"919","5350562.08",2,2,-1.28653546704527
"920","5350562.09",2,2,-1.48351465162843
"921","5350562.11",0,0,0.00536873488942247
"922","5350562.12",3,3,-3.09519709104506
"923","5350562.13",2,2,1.29378436237347
"924","5350562.14",4,4,0.402963349905898
"925","5350562.15",4,4,-0.911507395575423
"926","5350563.01",3,3,3.29822423020119
"927","5350563.02",2,3,-0.0668045610299555
"928","5350564.01",4,4,-0.98813660264149
"929","5350564.02",4,4,-1.02692593038658
"930","5350570.01",2,2,-0.259968870870759
"931","5350570.02",1,0,0.31318782341019
"932","5350571.01",2,2,-4.00289314517905
"933","5350571.02",3,3,-0.233523879674195
"934","5350572.01",3,3,-1.83172414911372
"935","5350572.04",1,1,-2.46856114271234
"936","5350572.05",1,1,-3.91028222125846
"937","5350572.07",4,4,0.710773069620048
"938","5350572.08",4,4,-0.230011985920171
"939","5350572.09",3,3,-2.29659014324361
"940","5350572.10",4,4,-2.05733840426536
"941","5350573.03",2,2,-0.974395502784022
"942","5350573.05",3,3,0.0762848074955643
"943","5350573.06",1,1,-1.63140871773546
"944","5350573.07",3,3,-2.95719268973763
"945","5350573.09",3,3,-1.13444408864977
"946","5350573.10",2,2,-2.33305139203326
"947","5350573.11",2,2,-2.91953492856061
"948","5350574.00",2,2,-1.31465280836173
"949","5350575.01",3,3,-3.01528164689423
"950","5350575.02",3,3,-4.33708310902933
"951","5350575.03",3,3,-1.42516819493938
"952","5350575.04",3,3,-1.07250505319499
"953","5350575.05",5,5,-1.58757826204272
"954","5350575.07",4,4,0.602763171946481
"955","5350575.08",5,5,-0.164121299111309
"956","5350576.04",4,4,0.128642953645578
"957","5350576.05",5,4,-0.247291515396297
"958","5350576.06",2,2,-0.457501276215692
"959","5350576.07",4,4,0.481117805598315
"960","5350576.09",3,4,-2.06416842465776
"961","5350576.10",4,3,-0.332541216327872
"962","5350576.16",4,4,-0.645797323444167
"963","5350576.17",4,4,-0.679920808705551
"964","5350576.20",4,4,0.114979979430685
"965","5350576.22",2,2,-2.30724123221666
"966","5350576.24",3,2,2.5570832280276
"967","5350576.29",3,3,3.66339164809845
"968","5350576.31",2,2,-1.35884881522083
"969","5350576.32",5,3,-0.807698055572118
"970","5350576.33",3,3,-1.63684530960987
"971","5350576.34",5,3,-2.59724983940774
"972","5350576.40",4,4,3.59778197197725
"973","5350576.41",3,2,-0.602906451269722
"974","5350576.42",3,2,-1.00634937489938
"975","5350576.43",3,3,-3.009011588414
"976","5350576.44",3,2,-2.27819621387649
"977","5350576.45",4,4,-0.548862863440549
"978","5350576.46",4,4,-0.907917045257778
"979","5350576.47",3,2,-0.553783426939181
"980","5350576.49",4,4,0.0973088285717936
"981","5350576.50",4,4,1.31014092804106
"982","5350576.52",3,3,2.24198200013948
"983","5350576.53",3,3,3.56849876992726
"984","5350576.54",4,4,-0.153150797941756
"985","5350576.55",3,3,-1.53686849939444
"986","5350576.56",5,5,-3.35699219288775
"987","5350576.57",2,2,0.139354571283523
"988","5350576.58",4,4,-0.680666332637629
"989","5350576.59",4,4,0.660589741329114
"990","5350576.60",4,4,1.16800805580732
"991","5350576.61",4,4,0.436745061589422
"992","5350576.62",4,4,0.219340150897872
"993","5350576.63",5,5,-2.95065528540913
"994","5350576.64",1,2,1.34404140398838
"995","5350576.65",3,2,0.178888338068008
"996","5350576.66",4,4,-0.851441130126572
"997","5350576.67",4,4,0.503248165503485
"998","5350576.68",4,3,-0.885224466031997
"999","5350576.69",4,3,-1.14403180255025
"1000","5350576.70",4,4,-2.44486081651099
"1001","5350576.71",4,3,-3.64960531301314
"1002","5350576.72",4,4,-2.66945045873205
"1003","5350585.02",4,4,0.403655441361831
"1004","5350585.03",2,1,-0.644118781253925
"1005","5350585.05",4,4,-0.330581248759633
"1006","5350585.07",4,3,-0.820381438983407
"1007","5350585.08",3,3,-0.156514045429689
"1008","5350585.09",3,3,-0.761980890400138
"1009","5350585.10",2,2,-1.19806114745066
"1010","5350586.01",2,2,0.999081040118943
"1011","5350586.02",3,3,-2.76288841642824
"1012","5350587.01",3,2,-2.8849438944489
"1013","5350587.02",2,2,-4.10869256465923
"1014","5350600.01",4,3,1.6543154761132
"1015","5350600.02",3,3,1.0296410707227
"1016","5350601.00",3,3,-0.55283506067973
"1017","5350602.00",5,3,-1.89215346915877
"1018","5350603.00",4,4,-2.4096216520491
"1019","5350604.00",4,4,-4.00448292071178
"1020","5350605.00",2,1,-1.3786426183587
"1021","5350606.00",3,2,-1.42949273771623
"1022","5350607.00",2,1,-1.24586864972811
"1023","5350608.00",2,2,-0.251507627017914
"1024","5350609.00",4,4,0.665489402753639
"1025","5350610.02",4,4,-3.40013707449908
"1026","5350610.03",3,3,-0.589886992166589
"1027","5350610.04",3,2,0.343715266455311
"1028","5350611.00",3,4,0.836265772026139
"1029","5350612.01",3,3,-15.2072908228085
"1030","5350612.03",4,3,-0.0357096169738048
"1031","5350612.05",5,4,-0.371983151891211
"1032","5350612.08",3,3,2.75109349731338
"1033","5350612.10",3,3,2.08161114491773
"1034","5350612.11",3,3,0.674831665775113
"1035","5350612.12",3,3,0.71778959181107
"1036","5350612.13",5,5,-1.18518091080116
"1037","5350612.14",5,5,-1.87548851758743
"1038","5350612.15",2,2,0.485731483733794
"1039","5350612.18",3,3,0.182381439948599
"1040","5350612.19",3,3,-0.315176450865683
"1041","5350612.20",3,3,0.364462535148387
"1042","5350612.21",4,4,-0.81728113442574
"1043","5350612.22",4,4,-0.616618898707096
"1044","5350612.23",4,4,-0.304958213034534
"1045","5350612.24",3,3,-1.44275669076398
"1046","5350612.25",2,2,-0.591499650082409
"1047","5350612.26",3,3,4.61402771382664
"1048","5350612.27",4,4,2.42903412167975
"1049","5350613.01",4,4,-1.00704537756395
"1050","5350613.03",1,1,-0.35378909218383
"1051","5350613.04",2,2,-1.3024793336924
"1052","5350614.01",3,2,0.67432139965938
"1053","5350614.02",4,4,-0.583552769881895
"1054","5350615.00",3,3,-1.8903535360622
"1055","5350620.01",3,3,-7.53077632783164
"1056","5350620.05",4,4,-2.93525690769749
"1057","5350620.06",5,5,-4.55482799247977
"1058","5350620.07",4,4,-3.11615906848162
"1059","5350620.08",2,2,-0.722712253282342
"1060","5350620.09",2,2,-0.440275566261551
"1061","5350620.10",4,4,-4.35448425739033
"1062","5350620.11",3,3,-4.17497480317187
"1063","5350620.12",2,2,-5.35209276192283
"1064","5350620.13",4,4,2.87217928249122
"1065","5350621.00",3,3,-1.85714605386065
"1066","5350622.00",4,3,-0.433312506894646
"1067","5350623.00",3,3,-0.628674891416972
"1068","5350624.00",4,4,-1.03339882787805
"1069","5350625.00",2,2,-0.576769204886681
"1070","5350626.00",3,3,-1.39204238384832
"1071","5350630.00",3,3,6.80994780860525
"1072","5350631.02",4,4,0.0348889339122734
"1073","5350631.03",4,4,-0.250948999941869
"1074","5350631.04",4,4,-0.574787449608933
"1075","5350632.00",2,2,-1.86097861772621
"1076","5350633.00",3,3,2.1738564625056
"1077","5350634.01",3,3,1.21121251836253
"1078","5350634.02",2,1,-2.11326867481094
"1079","5350635.00",3,3,3.12502925367014
"1080","5350636.00",2,2,1.64291707426139
"1081","5350637.00",3,3,1.07463573608234
"1082","5350638.00",3,3,-0.359998782106111
"1083","5350639.00",1,1,-0.026146634999749
"1084","5350800.01",2,2,-0.620819132840436
"1085","5350800.02",2,2,-2.24617054296989
"1086","5350801.01",4,4,-1.98612534948747
"1087","5350801.02",3,3,-2.09799636032062
"1088","5350802.01",4,3,-2.03956332580223
"1089","5350802.02",3,3,-1.4881554240714
"1090","5350803.03",4,4,-2.56186288762851
"1091","5350803.04",3,3,2.2915532621872
"1092","5350803.05",5,5,-0.125601736467613
"1093","5350803.06",5,5,-0.226435629201509
"1094","5350804.01",5,5,-1.56505853084465
"1095","5350804.05",5,5,-1.75585117792547
"1096","5350804.06",2,2,-3.18353566344408
"1097","5350804.07",3,3,-4.91489734752722
"1098","5350804.08",4,4,-2.13933441086008
"1099","5350804.10",3,3,-2.74521553833881
"1100","5350804.11",4,4,-1.34596678655374
"1101","5350804.12",4,4,-3.97843114936274
"1102","5350804.13",5,5,-2.16092290650993
"1103","5350805.04",3,3,-1.29457233012656
"1104","5350805.06",4,4,-0.913087903441653
"1105","5350805.09",4,4,-0.382976098211516
"1106","5350805.10",5,5,0.0305775243308538
"1107","5350805.12",3,2,-2.6429624041184
"1108","5350805.14",3,3,-4.08526298200064
"1109","5350805.15",3,3,2.8900143626081
"1110","5350805.16",3,3,3.81871371230685
"1111","5350805.17",2,2,0.444426765042094
"1112","5350805.18",5,5,-2.60147765631151
"1113","5350805.19",5,5,-1.04711702582531
"1114","5350805.20",4,4,-3.36834847278208
"1115","5350805.21",5,5,-2.32642294153902
"1116","5350806.00",3,3,-0.247986687166451
"1117","5350807.00",2,2,1.33426730486429
"1118","5350810.01",3,3,-2.11217679969499
"1119","5350810.02",3,3,-1.93488960817618
"1120","5350810.03",3,3,-1.96922072460123
"1121","5350810.04",3,3,-1.90153005556862
"1122","5350810.05",3,2,-1.1173404918946
"1123","5350811.00",3,3,-2.62304395935367
"1124","5350812.00",5,5,-2.58991792114206
"1125","5350820.03",4,4,0.867217179427464
"1126","5350820.04",4,4,0.130260346488354
"1127","5350820.05",2,2,-1.57192787530738
"1128","5350820.06",3,3,-0.827427725263523
"1129","5350820.07",2,2,-1.89197008997191
"1130","5350830.00",3,3,1.1995379311579
"1131","5350831.01",3,3,-1.63958424491179
"1132","5350831.02",3,3,2.61173227528877
"1133","5350832.00",3,3,-0.305621030632022
"1134","x",4,4,-0.195918362101657
